,Date (dd/mm/yyyy),Startup Name,Industry/ Vertical,Sub-Vertical,City / Location,Investors’ Name,"Invest-ment
Type",Amount (in USD)
0,02-01-17,TaxSutra,Consumer Internet,Online Tax Filing platform,Pune,"TV Mohandas Pai, V Balakrishnan, PV Srinivasan",Seed Funding,"366,000"
1,03-01-17,TempoGo,Technology,IoT & SAAS Solutions for Transportation Industry,Panaji,K2 Capital,Seed Funding,"825,000"
7,06-01-17,Leap India,Logistics,Supply Chain Solutions Provider,Mumbai,"India Nivesh Growth Fund, Sixth Sense, TCI Ventures",Private Equity,"13,000,000"
8,07-01-17,FreeCharge,Consumer Internet,Mobile Wallet,Mumbai,Jasper Infotech Pvt Ltd,Private Equity,"57,000,000"
9,09-01-17,TicketNew,Consumer Internet,Movie Ticket Booking platform,Chennai,Alibaba Pictures,Private Equity,"35,000,000"
10,10-01-17,Intelligence Node,Technology,SAAS Based Retail Analytics Solutions,Mumbai,BlackSoil Capital Pvt Ltd,Private Equity,"800,000"
11,10-01-17,Securens,Technology,e-surveillance services provider,Mumbai,"Mayfield India, Trifecta Capital",Private Equity,"5,000,000"
12,10-01-17,Loan Frame,Consumer Internet,Small Business Loans Marketplace platform,Gurgaon,"Vedanta Capital, William Campbell, Toos N Daruvala",Private Equity,"2,250,000"
14,10-01-17,Medinfi,Consumer Internet,Doctor & Clinic Discovery portal,Bangalore,"Vinod Martin, Evan Lim, Kanchan Ghoshal, Ram Kumar Kakani",Seed Funding,"100,000"
15,10-01-17,LensKart,Ecommerce,Online eyewear retailer,Bangalore,Ronnie Screwvala,Private Equity,"3,500,000"
17,12-01-17,Hansel.io,Consumer Internet,Real-time Mobile App Management Platform,Bangalore,"IDG Ventures, Endiya Partners",Private Equity,"1,350,000"
18,12-01-17,Square Yards,Consumer Internet,Property Search Aggregator platform,Gurgaon,"Lohia Group, Andre Hoffman",Private Equity,"10,000,000"
19,13-01-17,Roambee,Technology,IoT smart Logistics and Asset Management Company,Mumbai,Deutsche Telekom Strategic Investments & Others,Private Equity,"4,100,000"
21,13-01-17,iService,Consumer Internet,Gadgets Repair & Service Booking platform,Bangalore,"Blume Ventures, Girish Mathrubootham, Aprameya Radhakrishna",Seed Funding,"440,000"
22,14-01-17,Unacademy,Consumer Internet,Online learning platform,Bangalore,"Nexus Venture Partners, Blume Ventures",Private Equity,"4,500,000"
25,16-01-17,ZoloStays,Consumer Internet,Branded PG Accomodation booking platform,Bangalore,"Nexus Venture Partners, Innoven Capital",Private Equity,"5,000,000"
27,16-01-17,HipCouch,Consumer Internet,Custom & Modular Furniture platform,Mumbai,Undisclosed Investors,Seed Funding,"700,000"
28,17-01-17,Curiositi,Consumer Internet,Online Learning Platform,Bangalore,"Menterra Social Impact Fund, Unitus Seed Fund",Private Equity,"800,000"
29,17-01-17,TinyStep,Consumer Internet,Parenting Info & Social Network,Bangalore,Flipkart,Private Equity,"2,000,000"
30,17-01-17,Practo,Consumer Internet,Online Healthcare platform,Bangalore,"Tencent,  ru-Net, RSI Fund, Thrive Capital",Private Equity,"55,000,000"
31,17-01-17,Ketchupp,Consumer Internet,Food Discovery Platform,New Delhi,India Quotient and others,Seed Funding,"441,000"
32,17-01-17,Hoopy,Consumer Internet,Online Car Service Platform,Gwalior,undisclosed investors,Seed Funding,"500,000"
33,17-01-17,Ezytruk,Consumer Internet,Logistics and truck aggregator platform,Bangalore,"Ajith Nair, Anish K",Seed Funding,"147,000"
36,18-01-17,Vahdam Teas,Ecommerce,Online Tea etailer,New Delhi,"Mumbai Angels Network, Fireside Ventures, Singapore Angel Network",Seed Funding,"650,000"
37,18-01-17,Qwikspec,Technology,Cloud-based construction,Bangalore,Undisclosed Investors,Seed Funding,"300,000"
39,19-01-17,Weddingz.in,Consumer Internet,Online Marketplace for Wedding Venues and vendors,Mumbai,Singularity Ventures,Private Equity,"1,000,000"
46,22-01-17,MessaGif,Consumer Internet,social messaging platform,New Delhi,Undisclosed investor,Seed Funding,"50,000"
49,23-01-17,CueMath,Technology,Maths Learning program,New Delhi,"CapitalG, Sequoia India",Private Equity,"15,000,000"
52,24-01-17,Khel Now,Consumer Internet,Mobile-based Social Platform for Sports,Bangalore,Indochine International,Private Equity,"500,000"
53,24-01-17,NowFloats,Consumer Internet,Platform to take businesses online,Hyderabad,"Iron Pillar and IIFL, Blume Ventures, Omidyar Network",Private Equity,"10,000,000"
54,24-01-17,Lets Transport,Consumer Internet,Online transport vehicle booking platform,Bangalore,"GMO Japan, Neelesh Bhatnagar",Private Equity,"4,000,000"
57,25-01-17,RML Agtech,Technology,Agri Decision Support Solution for farmers,Pune,IvyCap Ventures,Private Equity,"4,000,000"
59,25-01-17,InstaSafe,Technology,Security-as-a-Service solution provider,Bangalore,ABM Knowledgeware,Private Equity,"2,200,000"
60,25-01-17,Infibeam,Ecommerce,Ecommerce Marketplace,Ahmedabad,"Bennett, Coleman and Company Ltd",Private Equity,"8,800,000"
62,26-01-17,AirMed Labs,Consumer Internet,Health Tests Booking platform & ePharmacy,Ahmedabad,Brand Capital,Private Equity,"1,400,000"
63,26-01-17,99PerHour,Consumer Internet,Hyper-local Handyman Service provider,Chennai,V Aanand R,Seed Funding,"300,000"
65,30-01-17,Intuit Things,Technology,IoT solutions for home automation applications,Mumbai,Sanjay Mehta & Others ( The Ten Minute Million),Seed Funding,"106,000"
66,30-01-17,Cloudrino,Technology,Cloud based Virtual Servers,New Delhi,The Ten Minute Million,Seed Funding,"22,500"
67,30-01-17,FabX,Ecommerce,Used Furniture Marketplace,Mumbai,The Ten Minute Million,Seed Funding,"68,000"
68,30-01-17,Maptags,Consumer Internet,Smart Online address tags,Bangalore,The Ten Minute Million,Seed Funding,"18,000"
70,31-01-17,Heads Up For Tails,Ecommerce,Online Pet Products Store,New Delhi,Undisclosed Investors,Private Equity,"2,000,000"
74,06-02-17,Capital Float,Consumer Internet,Online lending platform,Bangalore,IFMR Capital Finance,Private Equity,"2,500,000"
76,07-02-17,Inner Hour,Consumer Internet,Online Counselling Platform,Mumbai,"Batlivala & Karani Securities, Venture Works",Seed Funding,"450,000"
77,07-02-17,Travel Triangle,Consumer Internet,Online travel agent marketplace,Noida,"RB Investments, SAIF Partners, Bessemer Venture Partners",Private Equity,"10,000,000"
78,08-02-17,Wandertrails,Consumer Internet,"Online Travel, Adventure & Activities Portal",Bangalore,Earlsfield Capital,Seed Funding,"1,000,000"
79,08-02-17,Zenatix,Technology,IoT Based Energy Monitoring & Control,Gurgaon,"pi Ventures, Blume Ventures",Private Equity,"1,200,000"
80,08-02-17,Cartrade,Consumer Internet,Automobile Classifieds Portal,Mumbai,Temasek Holdings,Private Equity,"55,000,000"
82,08-02-17,Edurev,Consumer Internet,Online Education Portal,Gurgaon,Facebook FB Start programme,Seed Funding,"40,000"
83,09-02-17,Voonik,Ecommerce,Women Apparel & Lifestyle etailer,Bangalore,"RB Investments, Sequoia Capital",Private Equity,"6,000,000"
85,09-02-17,Wooplr,Ecommerce,Women Fashion Portal,Bangalore,"Sistema Asia Fund, Amereus Group, Helion Ventures",Private Equity,"8,000,000"
86,10-02-17,48East,Ecommerce,Online Food Delivery Platform,Bangalore,Al Dhaheri family,Private Equity,"500,000"
88,13-02-17,Sigtuple,Technology,Medical Automation platform,Bangalore,"Accel Partners, IDG Ventures, Endiya Partners, pi Ventures, VH Capital, Axilor Partners",Private Equity,"5,800,000"
89,13-02-17,Flutura,Technology,Decision Sciences Analytics Solutions,Bangalore,"Vertex Ventures, Lumis Partners",Private Equity,"7,500,000"
90,13-02-17,Wassup,Consumer Internet,On Demand Laundry & Dry Cleaning Services,Chennai,Anil Jain & other HNIs,Private Equity,"3,200,000"
91,13-02-17,Better Mortgage,Consumer Internet,Mortgage Offering Platform,Gurgaon,"Kleiner Perkins, Goldman Sachs, Pine Brook",Private Equity,"15,000,000"
92,13-02-17,Nurturey,Consumer Internet,Parenting Mobile App,New Delhi,Mohit Joshi & Others,Seed Funding,"330,000"
93,13-02-17,Fyle,Technology,Expense Management Solution,Bangalore,Pravega Ventures,Seed Funding,"400,000"
94,14-02-17,GoBumpr,Consumer Internet,Online Bike & Car Services provider,Chennai,"Mahalingam K, Girish Mathrubootham",Seed Funding,"300,000"
95,14-02-17,CCAvenue,Consumer Internet,Online Payment Gateway,Mumbai,Infibeam,Private Equity,"22,400,000"
98,15-02-17,ZestMoney,Consumer Internet,Online Consumer Lending platform,Bangalore,"PayU, Ribbit Capital, Omidyar Network",Private Equity,"6,500,000"
99,15-02-17,AirZaar,Technology,Drone operations management platform,Missourie,Quake Capital,Seed Funding,"350,000"
100,16-02-17,Truebil,Consumer Internet,Online Marketplace for Used Cars,Mumbai,Shunwei Capital,Private Equity,"3,000,000"
101,16-02-17,YourStory,Consumer Internet,Online Media,Bangalore,"Kalaari Capital Partners, Qualcomm, 3ONE4 Capital Advisors, UC-RNT",Private Equity,"3,000,000"
102,17-02-17,Imaginate,Technology,AR & VR platform,Hyderabad,SRI Capital,Seed Funding,"500,000"
103,17-02-17,The Ken,Consumer Internet,Online Media Platform,Bangalore,"Aprameya Radhakrishna, Deepak Natraj, Girish Mathrubootham, Mahesh Murthy, Pallav Nadhani, Pavan Ongole, Sandeep Mathur, Vijay Shekhar Sharma & Others",Seed Funding,"400,000"
104,17-02-17,Urban Ladder,Ecommerce,Online Furniture Store,Bangalore,"Kalaari Capital, SAIF Partners, Steadview Capital, Sequoia Capital",Private Equity,"15,200,000"
107,17-02-17,Leopetra,Ecommerce,Solution provider for pet needs,Mumbai,Facebook FBStart,Seed Funding,"40,000"
108,18-02-17,Blood n Care,Consumer Internet,First Aid care app,Gurgaon,Facebook FBStart,Seed Funding,"40,000"
109,20-02-17,Flipkart,Ecommerce,Online Marketplace,Bangalore,"Bennett, Coleman and Co. Ltd (BCCL)",Private Equity,"38,700,000"
110,21-02-17,True Balance,Consumer Internet,Mobile balance Checking App,Gurgaon,"Softbank Ventures Korea, IMM Investment",Private Equity,"15,000,000"
111,22-02-17,Vebbler,Consumer Internet,Photo Sharing for Groups,Bangalore,Facebook FBStart,Seed Funding,"40,000"
112,23-02-17,Get My Parking,Consumer Internet,Smart Parking Platform,New Delhi,"Indian Angel Network (IAN), BEENEXT, The Chennai Angels, Sunil Munjal",Private Equity,"1,100,000"
116,27-02-17,Biryani By Kilo,Consumer Internet,Online Food Ordering & Delivery Portal,Gurgaon,"Chandigarh Angels, Ashish Gupta, Rohit, Ashish Chand, Sunil Singh & Others",Seed Funding,"375,000"
117,27-02-17,Johari Shop,Ecommerce,Online Jewellery etailer,Bangalore,Undisclosed Investors,Seed Funding,"94,000"
118,28-02-17,NeoStencil,Consumer Internet,Live Online Coaching Classes,New Delhi,"Brand Capital, Paragon Trust",Private Equity,"1,000,000"
119,28-02-17,Blackbuck,Logistics,Online freight aggregator,Bangalore,"Sands Capital, IFC, Accel Partners, Flipkart, Sanjiv Rangrass",Private Equity,"70,000,000"
120,01-03-17,Ola,Consumer Internet,App based cab aggregator,Bangalore,SoftBank Group Corp,Private Equity,"330,000,000"
121,01-03-17,Belong,Consumer Internet,Online Jon Portal,Bangalore,Sequoia Capital India,Private Equity,"10,000,000"
124,02-03-17,Celes Care,Consumer Internet,Women Healthcare & Information portal,Hyderabad,"Ventureast, Endiya Partners, Eight Roads Ventures, F-Prime Capital Partners",Private Equity,"1,500,000"
125,02-03-17,Karomi,Technology,Packaging Artwork Management software,Chennai,Ideaspring Capital,Seed Funding,"500,000"
126,02-03-17,Red Carpet,Consumer Internet,Micro Lending platform,Gurgaon,Lightspeed Venture Partners,Private Equity,"2,500,000"
128,02-03-17,CreditMantri,Consumer Internet,Online Credit score & lending platform,Chennai,Quona Capital,Private Equity,"7,600,000"
130,03-03-17,Tydy,Technology,Employee Onboarding and Engagement platform,Bangalore,"Bhupen Shah, Jayesh Parekh, Sanjay Sathe",Seed Funding,"275,000"
132,03-03-17,Oho Shop,Technology,Ecommerce Mobile App Builder,Ahmedabad,"Bennett, Coleman and Company Ltd",Private Equity,"6,700,000"
134,03-03-17,Paytm Marketplace,Ecommerce,Ecommerce Marketplace,Bangalore,Alibaba,Private Equity,"200,000,000"
135,04-03-17,iGenetics,Healthcare,Health Diagnostic Solutions,Mumbai,CDC Group Plc,Private Equity,"19,500,000"
136,06-03-17,Juno Clinic,Consumer Internet,Online Counseling Platform,Mumbai,Atul Nishar,Seed Funding,"1,200,000"
137,06-03-17,Summerlabel,Consumer Internet,Fashion and Lifestyle discovery platform,Gurgaon,"Aneesh Seth, Tushar Mittal",Seed Funding,"150,000"
138,06-03-17,PickMe,Consumer Internet,Gadget Insurance & Repair Services platform,Mumbai,SIDBI Venture Capital Fund,Private Equity,"1,790,000"
139,07-03-17,Agrostar,Technology,Direct-to-Farmer Mobile-Based Retail platform,Pune,Accel Partners,Private Equity,"10,000,000"
140,07-03-17,Zapr,Technology,"DSP, TV Analytics & Cross-Platform advertising",Bangalore,Star India Pvt Ltd,Private Equity,"10,000,000"
141,07-03-17,Data Resolve,Technology,Cyber Security Solutions,Noida,IDFC Parampara Early Stage Opportunities Fund,Private Equity,"1,000,000"
142,07-03-17,Book Servicing,Consumer Internet,Online Vehicle Services Booking platform,New Delhi,National Science and Technology Entrepreneurship Development Board,Seed Funding,"30,000"
143,07-03-17,Blowhorn,Consumer Internet,Intra-City Logistics provider,Bangalore,"IDG Ventures India, Michael & Susan Dell Foundation, Draper Associates, Unitus Seed Fund",Private Equity,"3,650,000"
144,08-03-17,Rivigo,Logistics,Technology Enabled Logistics Company,Gurgaon,Private Sector Banks (Debt Funding),Private Equity,"15,000,000"
145,08-03-17,PipeCandy,Technology,Intelligent Sales Prospecting Platform,Chennai,"IDG ventures, Axilor Ventures, Emergent Ventures, Indian Angel Network",Seed Funding,"1,100,000"
146,08-03-17,Supr Daily,Consumer Internet,Subscription based Home Delivery Platform,Mumbai,Y Combinator,Seed Funding,"120,000"
148,09-03-17,AppBrowzer,Consumer Internet,Instant Mobile Apps Store,Bangalore,Deepak Gurnani,Seed Funding,"500,000"
149,09-03-17,MagicBricks,Consumer Internet,Online Real Estate Portal,Mumbai,Times Internet Ltd,Private Equity,"4,500,000"
150,10-03-17,PeeBuddy,Healthcare,Female Hygiene product manufacturer,New Delhi,Indian Angel Network,Seed Funding,"443,000"
152,10-03-17,Lavelle Networks,Technology,SDN Solutions,Bangalore,Ideaspring Capital,Seed Funding,"600,000"
155,15-03-17,LatestOne,Ecommerce,Tech Accessories e-tailer,Hyderabad,"Florintree, Mathew Cyriac, Chidambaram Palaniappan, Bharat Sheth",Private Equity,"3,350,000"
156,15-03-17,Frapperz,Consumer Internet,On-demand home services provider,Kolkata,Undisclosed Investor,Seed Funding,"100,000"
157,16-03-17,mPaani,Consumer Internet,Loyalty rewards app,Mumbai,"IDG Ventures, Blume Ventures, Saha Fund,",Private Equity,"1,350,000"
159,16-03-17,POPxo,Consumer Internet,Digital Media publication for women,New Delhi,"GREE Ventures, Kalaari Capital and IDG Ventures India, Summit Media, Atul Goel, and Gurpreet Singh",Private Equity,"3,100,000"
160,16-03-17,Fitso,Consumer Internet,Fitness Mobile App,Gurgaon,"Sujeet Kumar, Bhupender Singh, Yashish Dhaiya",Seed Funding,"200,000"
162,21-03-17,Flipkart,Ecommerce,Ecommerce Marketplace,Bangalore,"Microsoft, eBay, Tencent Holdings",Private Equity,"1,400,000,000"
163,21-03-17,Airpay,Technology,Online payment Gateway,Mumbai,"Kalaari Capital, Rakesh and Rajesh Jhunjhunwala",Private Equity,"3,670,000"
164,21-03-17,MyGlamm,Consumer Internet,On-Demand Beauty Services,Mumbai,L’Occitane,Private Equity,"5,300,000"
166,22-03-17,Haqdarshak,Consumer Internet,Tech-Enabled Social Enterprise,Bangalore,"Ravi Saxena, Sandeep Raju,",Seed Funding,"191,000"
167,23-03-17,Ixigo,Consumer Internet,Online Travel Search Engine,Gurgaon,"Sequoia Capital, Kinzon Capital",Private Equity,"15,000,000"
168,23-03-17,Markets and Markets,Technology,Marketing Research Company,Pune,"FTV Capital, Zodius Capital",Private Equity,"56,000,000"
169,24-03-17,Bizom,Technology,supply chain automation platform,Bangalore,Ojas Ventures,Seed Funding,"382,000"
171,24-03-17,Delhivery,Technology,Tech enabled Fulfilment & Logistics Solutions,New Delhi,"Carlyle Group, Tiger Global",Private Equity,"100,000,000"
173,28-03-17,Fynd,Ecommerce,Online fashion marketplace,Mumbai,Venture Catalysts,Private Equity,"500,000"
175,28-03-17,DoneThing,Consumer Internet,On-demand Personal Assistant service,Gurgaon,Brand Capital,Private Equity,"300,000"
177,29-03-17,Ithaka,Consumer Internet,Vacation Trip Planning platform,Mumbai,"Ankit Gupta, Puneet Motihar",Seed Funding,"325,000"
178,29-03-17,perpule,Ecommerce,Self-Checkout Ecommerce App,Bangalore,KStart Capital,Seed Funding,"650,000"
180,29-03-17,Licious,Ecommerce,Online Meat Ordering platform,Bangalore,"Mayfield India, 3one4 Capital, Sistema Asia Fund, Neoplux Technology Fund",Private Equity,"10,000,000"
181,29-03-17,Medinfi,Consumer Internet,Doctor & Hospital search Platform,Bangalore,"Vinod Martin, Hemant Kaul, Prof. Ram Kumar Kakani & Others",Seed Funding,"50,000"
185,31-03-17,Jhakaas,Consumer Internet,Offline Business Aggregator App,Mumbai,"Malini Patel, Stelcore Management Services, Anjani Prasad",Seed Funding,"155,000"
186,31-03-17,Oriano Solar,Technology,Turnkey Solar Solutions,Mumbai,Samridhi Fund,Private Equity,"3,000,000"
187,31-03-17,BigBasket,Ecommerce,Online Grocer,Bangalore,Trifecta Capital,Private Equity,"7,000,000"
190,31-03-17,Icertis,Technology,ERP solutions provider,Pune,"B Capital Group, Ignition Partners, Greycroft, e.ventures,  Eight Roads Ventures",Private Equity,"25,000,000"
191,01-04-17,Cashe,Consumer Internet,Online & Mobile based Lending platform,Mumbai,"Mathew Cyriac, Florintree Advisors,",Private Equity,"3,800,000"
192,03-04-17,Eruditus,Education,Executive Education Provider,Mumbai,Bertelsmann India,Private Equity,"8,200,000"
194,03-04-17,Healthcare at Home,Healthcare,Home Healthcare Provider,Noida,Quadria Capital Advisors,Private Equity,"40,000,000"
197,04-04-17,WayCool,Food & Beverage,Fresh-Produce Distribution Platform,Chennai,Aspada Investments,Private Equity,"2,700,000"
198,04-04-17,Perfios,Technology,Fin-Tech Solutions,Bangalore,Bessemer Venture Partners,Private Equity,"6,100,000"
199,04-04-17,Whatfix,Technology,Interactive Tech-Support Guides,Bangalore,"Stellaris Venture Partners, Helion Venture Partners, Powerhouse Ventures, Gokul Rajaram, Girish Mathrubootham, Aneesh Reddy, Vispi Daver",Private Equity,"3,690,000"
200,04-04-17,ElastiRun,Technology,App based Logistics & Distribution platform,Pune,"Kalaari Capital, Norwest Venture Partners",Private Equity,"7,000,000"
201,04-04-17,Trukky,Consumer Internet,Online Truck Aggregator & Booking platform,Ahmedabad,"Keyur Joshi, Pavan Bakeri",Seed Funding,"500,000"
202,04-04-17,Konsult App,Consumer Internet,App based Doctor Consulting platform,New Delhi,"Koen Bouwers, Lomesh Agarwal, Jeroen Mensen, Pablo van den Bosch & Others",Seed Funding,"500,000"
204,05-04-17,Fingerlix,Consumer Internet,Food Delivery Platform,Mumbai,Zephyr Peacock India,Private Equity,"3,000,000"
206,06-04-17,Medwell Ventures,Healthcare,Home-Based Healthcare provider,Bangalore,"Mahindra Partners, Eight Roads Ventures, F-Prime Capital Partners",Private Equity,"21,000,000"
207,06-04-17,Mech Mocha,Consumer Internet,Mobile gaming startup,Bangalore,"Accel Partners, Shunwei Capital",Private Equity,"5,000,000"
211,07-04-17,PharmEasy,Ecommerce,Online Pharmacy,Mumbai,"Bessemer Venture Partners, Orios Venture Partners, Trifecta Capital,",Private Equity,"18,000,000"
213,08-04-17,FastFox,Consumer Internet,Online rental discovery platform,Gurgaon,"Lightspeed India Partners, Blume Ventures, CyberAgent Ventures, GrowX Ventures, IMJ Investment Partners",Private Equity,"4,600,000"
214,10-04-17,Omnify,Technology,SaaS platform for SMEs,Bangalore,"Rajan Anandan, L.D Sharma, Saurabh Arora",Seed Funding,"150,000"
215,10-04-17,Capital Float,Consumer Internet,Online Lending Platform for SME,Bangalore,Mahindra and Mahindra Financial Services,Private Equity,"2,300,000"
216,11-04-17,Ninjacart,Ecommerce,B2B agri-marketing platform,Bangalore,"Accel Partners, Nandan Nilekani’s NRJN Trust, Mistletoe, Qualcomm Ventures, M&S Partners",Private Equity,"5,500,000"
217,11-04-17,MergerWare,Technology,Software solutions for M&As,Bangalore,Philippe Bouchet,Seed Funding,"100,000"
219,12-04-17,Clovia,Ecommerce,Online lingerie & Sleepwear etailer,New Delhi,"Ivycap Ventures Advisors, Singularity Ventures and Ravi Dhariwal",Private Equity,"4,000,000"
220,12-04-17,Emiza,Logistics,Third Party Logistics provider,Mumbai,"Mayfield, Nishant Rao, Dileep Nath",Private Equity,"4,500,000"
221,12-04-17,HackerEarth,Consumer Internet,Online Skill Assessment Platform,Bangalore,"DHI Group Inc, Prime Venture Partners, Beenext, Beenos, Digital Garage, BizReach",Private Equity,"4,500,000"
222,12-04-17,Squadrun,Technology,Software-As-a-Service Platform,Noida,"Blume Ventures, Contrarian Capital, 91springboard, Emergent Ventures, Abstract Ventures, Anthill Ventures, Axilor Ventures",Private Equity,"2,100,000"
226,13-04-17,WeAreHolidays,Consumer Internet,Travel Packages & Planner marketplace,Gurgaon,"Urrshila Kerkar,",Private Equity,"7,700,000"
227,14-04-17,Ola Cabs,Consumer Internet,Cab Aggregator App,Bangalore,SIMI Pacific Pte,Private Equity,"260,000,000"
228,15-04-17,Myly,Consumer Internet,Mobile App for Schools,Jaipur,mall Industries Development Bank of India (SIDBI),Seed Funding,"310,000"
229,17-04-17,CrediHealth,Consumer Internet,Online Medical Assistance platform,Gurgaon,"Tolaram Inc, Mountain Pine Capital",Private Equity,"1,500,000"
232,17-04-17,Snackible,Food & Beverages,Healthy Snacks manufacturer,Mumbai,"Nibhrant Shah, Anandbir Singh, Anirudh Sheth, Pratik Singhi, Vikram Mehta, Murali Nair",Seed Funding,"175,000"
233,17-04-17,Be U Salons,Consumer Internet,Online Salon discovery & Booking Services,New Delhi,"Gaurav Kachru, Sundeep Singh Sahni, Jatin Aneja, Arun Malhotra",Seed Funding,"620,000"
235,17-04-17,LendingKart,Consumer Internet,Lending platform for small businesses,Ahmedabad,Anicut Capital,Private Equity,"4,650,000"
236,18-04-17,Innefu Security Consulting,Technology,Cyber Security solutions using AI,New Delhi,IndiaNivesh Venture Capital Fund,Private Equity,"2,000,000"
237,18-04-17,Whodat,Technology,Markerless AR platform,Bangalore,Ideaspring Capital,Private Equity,"600,000"
238,18-04-17,Absentia VR,Technology,Virtual Reality Startup,Bangalore,Exfinity Venture Partners,Private Equity,"1,250,000"
239,19-04-17,IOTrek,Technology,IoT Platform for Bus,New Delhi,Undisclosed Investor,Seed Funding,"155,000"
240,20-04-17,HolaChef,Consumer Internet,Online Food Delivery,Mumbai,"SIDBI Venture Capital Ltd, Kalaari Capital",Private Equity,"3,000,000"
242,21-04-17,Video Ken,Consumer Internet,Video Based Collaborative Learning,Bangalore,"Ravi Garikipati, Surot Chatterjee, Ashish Agrawal, LG Chandrasekhar, Sashi Reddi",Seed Funding,"1,000,000"
243,24-04-17,Faasos,Food & Beverage,QSR chain and online food delivery,Pune,"Ligthbox Ventures II, Lightbox Expansion Fund, Sequoia Capital India, RuNet South Asia, RB Investments",Private Equity,"6,300,000"
244,24-04-17,Oyo Rooms,Consumer Internet,Branded Budget Hotels Aggregator,Gurgaon,"SoftBank Vision Fund, Lightspeed Venture Partners, Sequoia Capital India Advisors, Greenoaks Capital Partners",Private Equity,"250,000,000"
245,24-04-17,Toppr,Consumer Internet,Learning mobile app for students,Mumbai,WGG International,Private Equity,"3,200,000"
247,25-04-17,The Office Pass,Consumer Internet,CoWorking Spaces booking platform,Gurgaon,"Arun Tadanki, Aditya Verma",Seed Funding,"245,000"
248,25-04-17,UrbanClap,Consumer Internet,Mobile Services Marketplace,Gurgaon,Trifecta Capital,Private Equity,"3,100,000"
249,26-04-17,Awfis,Consumer Internet,Collaborative co-Working Spaces,Mumbai,Sequoia India,Private Equity,"20,000,000"
251,26-04-17,Flytxt,Technology,Customer data analytics software,Mumbai,DAH Beteiligungs GmbH,Private Equity,"11,000,000"
252,26-04-17,Howdy Ventures,Consumer Internet,Public and Private Events creation app,Chennai,S. Xavier Britto,Seed Funding,"1,500,000"
253,26-04-17,StalkBuyLove,Ecommerce,Online fashion marketplace,New Delhi,Trifecta Capital,Private Equity,"1,000,000"
255,27-04-17,Scootsy,Consumer Internet,On-Demand Food Delivery,Mumbai,"Agnus Capital, Khattar Holdings",Private Equity,"3,600,000"
258,27-04-17,iNurture,Consumer Internet,Online Educational courses,Bangalore,BlackSoil Capital Pvt. Ltd,Private Equity,"1,500,000"
259,01-05-17,Ace2three,Consumer Internet,Online Rummy playing Website,Hyderabad,Clairvest Group,Private Equity,"73,700,000"
260,01-05-17,Power2SME,Ecommerce,Buying portal for SMEs,Gurgaon,International Finance Corporation,Private Equity,"10,000,000"
261,02-05-17,Innovapptive,Technology,Enterprise Mobility Solutions,Hyderabad,Hyderabad Angels,Seed Funding,"1,500,000"
262,02-05-17,4tigo,Logistics,Truck Network company,Bangalore,"Accel Partners, Nandan Nilekani,",Private Equity,"10,000,000"
264,02-05-17,ZippServe,Consumer Internet,Real estate risk assessment platform,Bangalore,undisclosed investors,Seed Funding,"390,000"
265,03-05-17,Ola,Consumer Internet,Cab Aggregation App,Bangalore,"Falcon Edge Capital,  Capital Advisers",Private Equity,"104,500,000"
266,03-05-17,Sumeru,Technology,Software & Mobile development services,Bangalore,undisclosed investors,Seed Funding,"1,000,000"
272,05-05-17,Balance App,Consumer Internet,Money Savings & Management App,Bangalore,Rainmatter,Seed Funding,"233,000"
273,08-05-17,YepMe,Ecommerce,Private Label Fashion etailer,Gurgaon,"Rainbow Digital Services Pvt. Ltd, ILearnFinance Academy Pvt. Ltd.",Private Equity,"700,000"
276,08-05-17,MyGreens,Food & Beverage,Cold-press Juices manufacturer,New Delhi,"Ajay Relan, LetsVenture",Seed Funding,"1,000,000"
277,08-05-17,Ace Turtle,Technology,Omni-Channel Platform,Bangalore,"Vertex Ventures, C31 Ventures",Private Equity,"5,000,000"
278,08-05-17,CureFit,Technology,Health-Tech Platform,Bangalore,"Trifecta Capital Advisors LLP, Prathithi Investment Trust, RNT Capital, Gokul Rajaram, Aditya Agarwal, Ruchi Sanghvi & others",Private Equity,"3,200,000"
279,09-05-17,Curie Labs,Technology,Energy Analytics startup,New Delhi,Satoshi Studios,Seed Funding,"50,000"
284,10-05-17,Vidooly,Consumer Internet,Video Intelligence platform,Noida,"Times Internet, GVFL",Private Equity,"1,400,000"
285,10-05-17,Shopclues,Ecommerce,Online marketplace,Gurgaon,InnoVen Capital,Private Equity,"7,700,000"
286,10-05-17,Fourth Ambit,Consumer Internet,Community Building platform,Bangalore,1Crowd,Seed Funding,"600,000"
288,11-05-17,Early Salary,Consumer Internet,Online lending platform,Pune,"DG Ventures India, Dewan Housing Finance Corp",Private Equity,"4,000,000"
291,12-05-17,Legal Raasta,Consumer Internet,Legal Services to SMEs & Individuals,New Delhi,Impanix Capital,Private Equity,"5,000,000"
293,12-05-17,Remit Guru,Consumer Internet,Digital money transfer platform,Mumbai,"Infibeam, CCavenue",Private Equity,"466,000"
294,12-05-17,Aequm,Ecommerce,Cloud Ecommerce platform,Bangalore,undisclosed investors,Seed Funding,"1,000,000"
295,15-05-17,Zapty,Technology,Project Management tool,Bangalore,IdeaSpring Capital,Seed Funding,"500,000"
298,16-05-17,Telr,Technology,Online Payment Gateway,Mumbai,Innovations East,Private Equity,"3,000,000"
299,16-05-17,Fynd,Ecommerce,Fashion Ecommerce Portal,Mumbai,Rocketship,Private Equity,"500,000"
300,17-05-17,Genie,Consumer Internet,hyperlocal delivery and logistics mobile app,Chennai,undisclosed investors,Seed Funding,"250,000"
301,17-05-17,Paysense,Consumer Internet,Online Lending platform,Mumbai,Jungle Ventures,Private Equity,"5,300,000"
302,18-05-17,The Good Life,Ecommerce,Online Luxury Tea etailer,Mumbai,"Ayesha Takia Azmi, Abu Farhan Azmi",Seed Funding,"1,000,000"
304,18-05-17,Paytm,Ecommerce,Mobile Wallet & Ecommerce platform,Bangalore,SoftBank Group,Private Equity,"1,400,000,000"
305,19-05-17,EzCred,Consumer Internet,Consumer Lending Platform,Bangalore,"Dheeraj Pandey, Rajesh Yohannan, Akash Garg",Seed Funding,"1,000,000"
308,22-05-17,Delhivery,Logistics,Ecommerce Logistics provider,New Delhi,Fosun International,Private Equity,"30,000,000"
309,22-05-17,ZipGrid,Consumer Internet,"Cashless, paperless solutions for Housing societies",Mumbai,"JLL, 1Crowd",Seed Funding,"500,000"
311,23-05-17,Magicpin,Consumer Internet,Hyperlocal discovery platform,Gurgaon,"Lightspeed Venture Partners, Vy Capital,",Private Equity,"6,600,000"
313,23-05-17,Box8,Consumer Internet,Food Delivery Platform,Mumbai,Trifecta Capital,Private Equity,"1,000,000"
314,24-05-17,GenNext Students,Consumer Internet,Online Tutoring Services,Mumbai,Undisclosed Investors,Seed Funding,"580,000"
315,25-05-17,Aye Finance,Finance,Non-Banking Financial Company,Gurgaon,Blue Orchard,Private Equity,"8,000,000"
320,29-05-17,Collateral Medical,Ecommerce,Online Medical equipment supplier,Mumbai,Carpediem Capital,Private Equity,"3,500,000"
323,30-05-17,Supr Daily,Consumer Internet,Subscription based delivery platform,Mumbai,"Soma Capital, Great Oaks Ventures, 122 West Ventures",Private Equity,"1,500,000"
324,30-05-17,Swiggy,Consumer Internet,Online food delivery platform,Bangalore,"Nasper, Accel India, SAIF Partners, Bessemer Venture Partners, Harmony Partners, Norwest Venture Partners",Private Equity,"80,000,000"
325,31-05-17,SastaSundar,Ecommerce,Online Pharmacy,Kolkata,Rohto Pharmaceutical,Private Equity,"5,000,000"
326,31-05-17,Magicpin,Consumer Internet,Hyperlocal Discovery  & Rewards platform,Gurgaon,"Lightspeed India Partners, Waterbridge Ventures",Private Equity,"7,000,000"
328,02-06-17,RentOnGo,Ecommerce,"Online Marketplace for Renting Bikes, Electronics & Appliances",Bangalore,TVS Motor Company,Seed Funding,"234,000"
329,05-06-17,Goomo,Consumer Internet,Online Travel & Holiday Booking platform,Mumbai,Emerging India,Private Equity,"50,000,000"
331,06-06-17,Spinny,Ecommerce,Online Used Car marketplace,Gurgaon,"Blume Ventures, Indian Angel Network, Kunal Shah, Sandeep Tandon",Private Equity,"1,000,000"
334,06-06-17,BHIVE Workspace,Consumer Internet,co-working spaces,Bangalore,Blume Ventures,Private Equity,"1,200,000"
335,06-06-17,wayForward,Consumer Internet,Mobile app for Mental Health,New Delhi,"Harsh Mahajan, Farhan Naqvi, Sreepathy Viswanathan",Seed Funding,"1,000,000"
338,07-06-17,ZipLoan,Consumer Internet,Online lending platform,New Delhi,WaterBridge Ventures,Seed Funding,"650,000"
339,07-06-17,GrowFitter,Consumer Internet,health and fitness discovery platform,Mumbai,SQue Capital,Seed Funding,"600,000"
340,08-06-17,Stratfit,Consumer Internet,Health coaching programs,Hyderabad,Bodhtree Consulting Limited,Seed Funding,"232,000"
341,08-06-17,Multiplier Solutions,Technology,CRM Software for Healthcare space,Hyderabad,Norwest Venture Partners,Private Equity,"1,500,000"
342,08-06-17,ABI Health,Technology,Unified Digital Health Platform,Bangalore,Norwest Venture Partners,Private Equity,"1,500,000"
343,08-06-17,Stockal,Consumer Internet,App-based Investment advisory Services,Bangalore,"Mohan Alexander, R. Natarajan, Vikrant Varshney, Amit Sinha",Seed Funding,"350,000"
344,09-06-17,Guidoo,Consumer Internet,Travel & adventure planning platform,Mumbai,"Pawan Borle, Nirmal Singh, Manish Prasad, Vineet Varma, Nick Haulkoury, Abhai S. Rao",Seed Funding,"300,000"
345,09-06-17,eSahai.in,Consumer Internet,ambulance aggregator and medical taxi provider,Hyderabad,"Dr Ramesh Ayyala, Satya Muthyala",Seed Funding,"250,000"
347,12-06-17,LendingKart,Consumer Internet,Online Lending platform,Ahmedabad,Yes Bank,Debt Funding,"7,800,000"
348,12-06-17,Boxx.ai,Technology,Artificial Intelligence,Bangalore,"Unicorn India Ventures, Venky Krishnakumar, Suresh Shankar, Vivek Bhargava",Private Equity,"500,000"
349,12-06-17,PeeSafe.in,Healthcare,Hygiene care product manufacturer,New Delhi,"Venture Catalysts, Alfa Capital, Green Shots Capital, Real Time Ventures",Private Equity,"1,000,000"
350,12-06-17,Vista Rooms,Consumer Internet,Online rooms aggregation platform,Mumbai,"Artha India Ventures, Singularity Holdings, Rajan Anandan, Girish Mathrubootham",Seed Funding,"776,000"
351,12-06-17,CoverFox,Consumer Internet,Online insurance brokerage platform,Mumbai,Transamerica,Private Equity,"15,000,000"
353,13-06-17,Goodera,Technology,CSR and sustainability management platform,Bangalore,"Nexus Venture Partners, Omidyar Network",Private Equity,"5,500,000"
355,14-06-17,Ola,Consumer Internet,Cab Aggregation App,Bangalore,Tekne Capital Management LLC,Private Equity,"50,000,000"
357,14-06-17,MrNeeds,Consumer Internet,Micro Food Delivery platform,Noida,undisclosed investors,Seed Funding,"500,000"
358,15-06-17,MoneyTap,Consumer Internet,Money Lending platform,Bangalore,"Sequoia India, NEA, Prime Venture Partners",Private Equity,"12,300,000"
359,16-06-17,Goodbox,Ecommerce,Mobile SAAS  Ecommerce platform for SMEs,Bangalore,"Nexus Venture Partners, Mekin Maheshwari",Private Equity,"1,000,000"
360,16-06-17,Fincash,Consumer Internet,Personal Finance platform,Mumbai,"Mohammed Khan, Sameer Narayan & Others",Seed Funding,"100,000"
361,16-06-17,PortDesk,Technology,Maritime Solutions,Noida,Alphard Maritime Group,Seed Funding,"2,000,000"
365,19-06-17,Unbxd,Technology,Cloud-based product discovery platform,Bangalore,Eight Roads Ventures,Private Equity,"12,500,000"
366,19-06-17,DarwinBox,Technology,Enterprise human resources management platform,Hyderabad,"Lightspeed India Partners, Endiya Partners, 3one4 Capital Advisors LLP, Startupxseed Ventures LLP",Private Equity,"4,000,000"
367,20-06-17,ForeverShop,Consumer Internet,Mobile based Ecommerce platform,Bangalore,91maker.com,Seed Funding,"300,000"
368,20-06-17,Insider.in,Consumer Internet,Events Ticketing platform,Mumbai,Paytm,Private Equity,"5,200,000"
369,21-06-17,Fynd,Ecommerce,Fashion etailer,Mumbai,"IIFL Seed Ventures, Kae Capital, FJ Labs, Singularity Ventures, GrowX, Tracxn Labs, Axis Capital",Private Equity,"2,400,000"
370,21-06-17,Grow Fit,Consumer Internet,Health-Tech platform,Bangalore,"Manipal Education and Medical Group (MEMG), SAR Group, The Grover Trust",Private Equity,"4,500,000"
371,21-06-17,Fabulyst,Technology,Artificial Intelligence based platform,Hyderabad,iBhubs,Seed Funding,"215,000"
372,21-06-17,mSwipe,Technology,Point-of-Sale services,Mumbai,"UC-RNT Fund, Matrix Partners, alcon Edge Capital, DSG Consumer Partners",Private Equity,"31,000,000"
374,22-06-17,Julia Computing,Technology,Open Source Language for Data Science and Machine Learning,Bangalore,"General Catalyst, Founder Collective",Private Equity,"4,600,000"
375,22-06-17,Kissht,Consumer Internet,Consumer Lending platform,Mumbai,"Endiya Partners, Ventureast",Private Equity,"2,000,000"
376,22-06-17,Explore Life traveling,Consumer Internet,Local homes booking platform,Bangalore,"Mekin Maheshwari, Bharat Vijay, Krish Seshadri, Amar Arsikere",Seed Funding,"500,000"
377,23-06-17,Loantap,Consumer Internet,Lending platform for salaried professionals,Mumbai,"Kae Capital, India Quotient, IFMR, and MAS Financial Services Ltd",Private Equity,"4,000,000"
378,23-06-17,Voxweb,Consumer Internet,Mobile based social networking platform,Mumbai,Undisclosed investors,Seed Funding,"1,000,000"
379,26-06-17,HUG Innovations,Technology,Gesture based  Smartwatch manufacturer,Hyderabad,"Mohit Srivastav, Kishore Ganji, Venkat Vallabhaneni, Rajeev Menon",Private Equity,"5,000,000"
380,26-06-17,Flipkart,Ecommerce,Online marketplace,Bangalore,Naspers,Private Equity,"71,000,000"
381,26-06-17,V Resorts,Consumer Internet,Holiday & Vacation resort aggregator,Noida,"Seedfund, RB International",Private Equity,"4,000,000"
382,27-06-17,Stashfin,Consumer Internet,Personal Finance App,New Delhi,"Snow Leopard Ventures, Alto Partners",Private Equity,"5,000,000"
384,27-06-17,Spares Hub,Ecommerce,Automobile parts marketplace,Pune,"The Chennai Angels, Anthill Scale Ventures, Esvee Technologies Inc, Inc95 Consulting",Seed Funding,"311,000"
386,28-06-17,Rubique,Consumer Internet,Online Marketplace for financial products,Mumbai,"Kalaari Capital, Udayan Goyal",Private Equity,"3,000,000"
387,28-06-17,Niki.ai,Consumer Internet,AI Based Personal Assistant,Bangalore,"SAP.iO, Unilazer Ventures",Private Equity,"2,000,000"
388,29-06-17,Fitpass,Consumer Internet,Online Fitness Marketplace,New Delhi,"Abhinav Bindra, Gaurav Marya",Private Equity,"1,000,000"
390,30-06-17,Tagos Design,Technology,in-video discovery platform,Bangalore,Undisclosed Investors,Private Equity,"5,000,000"
391,30-06-17,UrbanClap,Consumer Internet,Mobile Services Marketplace,Gurgaon,"Vy Capital, SAIF Partners, Accel Partner, Bessemer Venture Partners",Private Equity,"21,000,000"
392,01-07-17,Billion Loans,Consumer Internet,Peer to Peer Lending platform,Bangalore,Reliance Corporate Advisory Services Ltd,Seed Funding,"1,000,000"
393,03-07-17,Ecolibriumenergy,Technology,Energy management solutions provider,Ahmedabad,"Infuse Ventures, JLL",Private Equity,"2,600,000"
394,04-07-17,Droom,Ecommerce,Online marketplace for automobiles,Gurgaon,"Asset Management (Asia) Ltd, Digital Garage Inc",Private Equity,"20,000,000"
395,05-07-17,Jumbotail,Ecommerce,online marketplace for food and grocery,Bangalore,"Kalaari Capital, Nexus India Capital Advisors",Private Equity,"8,500,000"
396,05-07-17,Moglix,Ecommerce,B2B marketplace for Industrial products,Noida,"International Finance Corporation, Rocketship, Accel Partners, Jungle Ventures, Shailesh Rao, Venture Highway",Private Equity,"12,000,000"
397,05-07-17,Timesaverz,Consumer Internet,Hyperlocal home services provider,Mumbai,BCCL,Private Equity,"1,000,000"
400,07-07-17,Clip App,Consumer Internet,Digital Media Video platform,Bangalore,"India Quotient, Shunwei Capital",Seed Funding,"1,000,000"
402,10-07-17,Autorox.co,Technology,Workshop Management Software Platform,Hyderabad,Mitsui & Co.,Private Equity,"3,000,000"
403,11-07-17,Fabogo,Consumer Internet,Salon & Spa Aggregation & Discovery platform,Pune,Dunamis Ventures Pte Ltd,Private Equity,"2,250,000"
404,11-07-17,Flickstree,Consumer Internet,Video Content Discovery Platform,Mumbai,"Venture Catalysts, Sourav Ganguly, Ankit Aditya, Moksh Sports Ventures",Seed Funding,"464,000"
406,12-07-17,Innoviti,Technology,Digital payments solutions,Bangalore,"SBI-FMO Fund, Bessemer Venture Partners, Catamaran Ventures",Private Equity,"18,500,000"
410,14-07-17,QwikSpec,Technology,Construction site operations and analytics platform,Bangalore,"Brigade Innovations LLP, TV Mohandas Pai, Suhail Rahman, Bobby Reddy, M George Oommen",Seed Funding,"540,000"
411,14-07-17,Chumbak,Ecommerce,Designer consumer products Marketplace,Bangalore,Blacksoil Capital Pvt. Ltd,Private Equity,"1,700,000"
412,17-07-17,Increff,Technology,Sales Solutions for Fashion Brands,Bangalore,"Sequoia Capital, Grey Orange, Rajesh Ramaiah, Anshuman Das, Rishi Das",Seed Funding,"2,000,000"
413,17-07-17,Vayana,Technology,Enterprise Banking Solutions,Pune,"IDG Ventures India Advisors, Jungle Ventures",Private Equity,"4,000,000"
418,19-07-17,Rentomojo,Consumer Internet,Consumer Leasing Platform,Bangalore,"ain Capital Ventures, Renaud Laplanche",Private Equity,"10,000,000"
420,19-07-17,Playablo,Technology,Gamified Learning App,Bangalore,ABI-Showatech (India) Ltd,Seed Funding,"600,000"
421,20-07-17,Trupay,Technology,Online payments platform,Gurgaon,"Kae Capital, M&S Partners,",Seed Funding,"700,000"
422,21-07-17,Brick2Wall,Ecommerce,Online Marketplace for Construction Material,Gurgaon,"Subramani Somasundaram, Sundeep Sahni, Mayank Mittal & Others",Seed Funding,"200,000"
426,25-07-17,Noticeboard,Consumer Internet,Mobile-first Enterprise communication platform,Bangalore,"Stellaris Venture Partners,",Private Equity,"1,200,000"
427,25-07-17,Byju’s,Consumer Internet,Mobile Learning App,Bangalore,Tencent Holdings,Private Equity,"35,000,000"
429,26-07-17,Fab Hotels,Consumer Internet,Budget hotels brand & Aggregator Platform,New Delhi,Goldman Sachs,Private Equity,"25,000,000"
430,26-07-17,ThinkerBell,Consumer Internet,Assisted Learning Startup,Bangalore,"Indian Angel Network, Anand Mahindra",Seed Funding,"200,000"
431,27-07-17,1mg,Ecommerce,Online Pharmacy,Gurgaon,"HBM Healthcare Investments, Maverick Capital Ventures, Sequoia India, Omidyar Network and Kae Capital",Private Equity,"15,000,000"
433,28-07-17,BigStylist,Consumer Internet,Beauty Services Marketplace,Mumbai,Info Edge (India) Ltd,Private Equity,"1,250,000"
435,01-08-17,TouchKin,Technology,Predictive Care Platform,Bangalore,Kae Capital,Private Equity,"1,300,000"
438,02-08-17,Zepo,Consumer Internet,DIY Ecommerce platform,Mumbai,"Kunal Shah, LetsVenture, Anupam Mittal, Hetal Sonpal",Seed Funding,"500,000"
439,02-08-17,Click2Clinic,Consumer Internet,healthcare service aggregator,Hyderabad,"Narottam Thudi, Shireesh Palle",Seed Funding,"850,000"
440,03-08-17,SpeedBox,Logistics,On-Demand Logistics Service provider,Mumbai,Cismat Cargo Services Pvt. Ltd.,Seed Funding,"300,000"
448,08-08-17,New Castle Technologies,Technology,Hospital Management Software,Chennai,Undisclosed investors,Seed Funding,"243,000"
449,08-08-17,My Forex Eye,Consumer Internet,foreign exchange services,New Delhi,"Rahul Dev Kumar, Rajesh Mahajan, Ankit Sharma and others",Seed Funding,"220,000"
450,09-08-17,TruxApp,Logistics,Mobile based Logistics Service,New Delhi,"Venugopal Dhoot, Ajay Bhatia, Tarun Khandelwal, Ganpat Singhvi, Mandhian family & Others",Seed Funding,"3,100,000"
451,09-08-17,CroFarm,Technology,Agriculture Supply Chain solutions,Gurgaon,Factor[e] Ventures,Seed Funding,"783,000"
454,11-08-17,Flipkart,Ecommerce,Online Marketplace,Bangalore,Softbank,Private Equity,"2,500,000,000"
456,11-08-17,Ola Cabs,Consumer Internet,App based cab aggregation Service,Gurgaon,Tekne Capital Management,Private Equity,"36,000,000"
458,14-08-17,Digilend,Technology,Personal Loans & EMI solutions platform,Mumbai,"InCred Finance, Fullerton India Credit Company Ltd",Seed Funding,"312,000"
459,15-08-17,KNAB Finance,Consumer Internet,Unsecured Small Business Loans,Bangalore,"InCred, Krishnakumar Natarajan, Ravi Bhardwaj",Seed Funding,"385,000"
461,20-08-17,Rootefy,Ecommerce,Building material online store,New Delhi,"Abhinav Gupta,",Seed Funding,"187,000"
462,21-08-17,Uniphore,Technology,speech recognition startup,Chennai,IDG Ventures,Private Equity,"6,800,000"
463,21-08-17,Cerebroz,Consumer Internet,E-Tech platform,Vadodara,Undisclosed HNI’s,Seed Funding,"734,000"
467,23-08-17,Dhruva,Technology,Cloud data protection and management solutions,Pune,"Riverwood Capital, Sequoia Capital India, Nexus Venture Partners, Tenaya Capital",Private Equity,"80,000,000"
468,23-08-17,Bombay Shaving Company,Ecommerce,Men Grooming product etailer,New Delhi,Fireside Ventures,Private Equity,"2,300,000"
470,23-08-17,Indiez,Technology,Software & Mobile app development platform,Bangalore,Haresh Chawla,Seed Funding,"500,000"
471,24-08-17,Ezetap,Technology,mPOS solutions provider,Bangalore,"JS Capital Management, Social Capital, Horizons Ventures,",Private Equity,"16,000,000"
472,25-08-17,Ink Monk,Consumer Internet,Online printing marketplace,Chennai,"VAMM Ventures, Raksul, Dena",Seed Funding,"750,000"
473,25-08-17,Medinfi,Consumer Internet,Online Doctor Discovery Platform,Bangalore,"PBS Srinivas, Vinod Martin,",Seed Funding,"125,000"
474,28-08-17,Mobikon,Technology,Restaurant & Hotel CRM platform,Pune,"Sistema Asia Fund, C31 Ventures, Qualgro.",Private Equity,"7,000,000"
475,29-08-17,CureFit,Consumer Internet,End to End health and wellness platform.,Bangalore,"Accel Partners, IDG Ventures, Kalaari Capital,  UC-RNT fund",Private Equity,"25,000,000"
476,29-08-17,Doxper,Technology,Healthtech IoT platform,Mumbai,"idal Health, growx ventures, Capier Investments, Globevestor & others",Seed Funding,"750,000"
478,30-08-17,Treebo,Consumer Internet,Budget Hotel Aggregator platform,Bangalore,"Ward Ferry Management and Karst Peak Capital,",Private Equity,"34,000,000"
479,30-08-17,MedGenome,Technology,Genomics Research and Diagnostics Solutions,Bangalore,"Sequoia India, Sofina s.a., Zodius Capital, Kris Gopalakrishnan, Lakshmi Narayanan,",Private Equity,"30,000,000"
480,01-09-17,Aahaa Stores,Ecommerce,Online B2B store for office supplies,Chennai,YourNest Angel Fund,Private Equity,"1,000,000"
481,01-09-17,MFine,Consumer Internet,Online Doctor Discovery platform,Bangalore,"Stellaris Venture Partners, Mayur Abhaya, Rohit MA",Private Equity,"1,500,000"
482,01-09-17,Canvera,Consumer Internet,Online Photography platform,Mumbai,InfoEdge,Private Equity,"1,300,000"
483,04-09-17,PrimaryIO,Technology,Application Performance Acceleration,Pune,"Accel Partners, Exfinity Ventures, Partech Ventures",Private Equity,"5,600,000"
484,05-09-17,Shubh Loans,Consumer Internet,online lending platform,Bangalore,"SRI Capital, BeeNext, Pravega Ventures",Private Equity,"1,500,000"
485,05-09-17,Nest Education,Technology,EduTech Platform,Gurgaon,"Michael and Susan Dell Foundation, Anand Mahindra",Seed Funding,"600,000"
486,06-09-17,Lending Kart,Consumer Internet,Online Lending Platform,Ahmedabad,"Bertelsmann India, Mayfield Capital, Saama Capital, Darrin Capital",Private Equity,"10,750,000"
487,06-09-17,GoFro,Consumer Internet,Online travel booking platform,New Delhi,"HIS Co. Ltd, MakeMyTrip",Private Equity,"10,000,000"
488,06-09-17,OncoStem,Healthcare,Medical Diagnostic Solutions,Bangalore,"Sequoia Capital India, Artiman Ventures",Private Equity,"6,000,000"
489,06-09-17,Power2SME,Ecommerce,Buying Club for Small Businesses,Gurgaon,"International Finance Corporation (IFC), Inventus Capital Partners, Accel Partners, Kalaari Capital, and Nandan Nilekani,",Private Equity,"26,000,000"
490,07-09-17,Credit Vidya,Consumer Internet,Online Credit scoring platform,Mumbai,Matrix Partners,Private Equity,"5,000,000"
492,07-09-17,OYO Rooms,Consumer Internet,Branded budget hotels marketplace,Gurgaon,"SoftBank Group, Sequoia Capital India, Lightspeed Venture Partners, Greenoaks Capital, Hero Enterprise",Private Equity,"250,000,000"
493,07-09-17,Early Salary,Consumer Internet,Online Unsecured Lending platform,Pune,IFMR Capital,Debt Funding,"780,000"
495,07-09-17,Seniority,Ecommerce,Ecommerce portal for senior citizens,Pune,RPG Enterprises,Private Equity,"1,000,000"
496,08-09-17,AYE Finance,Consumer Internet,Micro Lending Platform,New Delhi,"Triodos Investment Management,",Debt Funding,"6,900,000"
498,11-09-17,Ecom Express,Logistics,Logistics Solutions provider,New Delhi,Warburg Pincus,Private Equity,"30,000,000"
499,11-09-17,Call Health,Consumer Internet,Healthcare Services Aggregator,Hyderabad,"Sachin Tendulkar, P.V SIndhu, Pullela Gopichand",Private Equity,"6,200,000"
501,12-09-17,3HCare,Consumer Internet,Healthcare services portal,New Delhi,Undisclosed Investor,Seed Funding,"100,000"
502,12-09-17,Tonbo Imaging,Technology,Imaging Technology for Armed Forces,Bangalore,"WRV Capital, Qualcomm Ventures, Edelweiss Private Equity, Artiman Ventures",Private Equity,"17,000,000"
503,12-09-17,Get My Parking,Consumer Internet,Smart Parking Enabler,New Delhi,"IAN Fund, Beenext, Indian Angel Network",Private Equity,"3,000,000"
505,13-09-17,Glowroad,Consumer Internet,women focussed customer-to-customer reseller network,Bangalore,"Accel Partners,",Private Equity,"2,000,000"
506,13-09-17,OYO Rooms,Consumer Internet,budget hotel marketplace,Gurgaon,China Lodging Group,Private Equity,"10,000,000"
507,13-09-17,Unacademy,Consumer Internet,Online learning platform,Mumbai,"Sequoia Capital India, SAIF Partners, Nexus Venture Partners and Blume Ventures,",Private Equity,"11,500,000"
508,13-09-17,Heterogenous,Technology,Telecom & IoT platform,Chennai,"Chennai Angels, Keiretsu Forum & Others",Seed Funding,"780,000"
510,14-09-17,Smaaash,Technology,Virtual Reality gaming and entertainment platform,Mumbai,ECL Finance,Private Equity,"44,000,000"
511,14-09-17,WheelStreet,Consumer Portal,Bike Rental Platform,Bangalore,Y Combinator,Seed Funding,"120,000"
513,18-09-17,The Moms Co,Ecommerce,Pregnancy & Baby Care product etailer,Gurgaon,"DSG Consumer Partners, Saama Capital",Private Equity,"1,000,000"
515,19-09-17,High Radius,Technology,Integrated receivables software solutions,Hyderabad,Susquehanna Growth Equity LLC,Private Equity,"50,000,000"
517,21-09-17,SaveBC,Finance,financial services firm,Gaya,Incofin Investment Management.,Private Equity,"6,000,000"
520,21-09-17,Homergize,Ecommerce,Home Furnishing & Building material marketplace,Bangalore,LG Chandrasekhar,Private Equity,"1,000,000"
521,22-09-17,Yatra.com,Ecommerce,Online Travel Agency,Gurgaon,InnoVen Capital India,Debt Funding,"15,400,000"
524,25-09-17,Synup,Technology,SME Marketing Management Solution,Bangalore,"Vertex Ventures, Prime Venture Partners.",Private Equity,"6,000,000"
527,25-09-17,Rapido,Consumer Internet,Bike Aggregator Mobile App,Bangalore,Battery Road Digital Holdings LLC,Seed Funding,"422,000"
528,25-09-17,Sportobuddy,Consumer Internet,Sports & Sport related equipment portal,Mumbai,Mehul Shah,Seed Funding,"150,000"
532,27-09-17,Transerve,Technology,Geospatial Technology-based SaaS solutions,Mumbai,"IL&FS Investment Managers, Omidyar Network.",Private Equity,"1,600,000"
534,27-09-17,Pitstop,Consumer Internet,Car repair and Servicing Platform,Bangalore,"Blume Ventures, Goldbell Group, Anurag Srivastava, Shailesh Rao, Amiya Pathak, Rajesh Yohanan and Rahul Garg",Private Equity,"1,000,000"
536,27-09-17,MyUpchar,Consumer Internet,Local Language Health Information portal,New Delhi,LetsVenture,Seed Funding,"300,000"
539,03-10-17,Ola Cabs,Consumer Internet,App based cab hailing services,Bangalore,"Tencent, Softbank Group",Private Equity,"110,000,000"
541,04-10-17,CollPoll,Consumer Internet,Education collaboration platform,Bangalore,Sprout Angels,Seed Funding,"306,000"
542,04-10-17,PhonePe,Consumer Internet,Digital Wallet,Bangalore,Flipkart,Private Equity,"38,700,000"
543,05-10-17,Little Black Book,Consumer Internet,Local Recommendations and Discoveries Platform,New Delhi,"Blume Ventures, IDG Ventures & Indian Angel Network",Private Equity,"1,000,000"
544,05-10-17,Oorjan,Technology,rooftop solar platform,Mumbai,Globevestor,Seed Funding,"450,000"
545,05-10-17,Zefo,Ecommerce,Ecommerce Portal for Used Goods,Bangalore,"Sequoia India, Helion Venture Partners, Beenext",Private Equity,"9,200,000"
546,06-10-17,Yaantra,Ecommerce,Mobile repair and Refurbishment platform,New Delhi,Carpediem Capital,Private Equity,"3,100,000"
547,06-10-17,Farm Taaza,Technology,Fresh Produce SCM company,Bangalore,"Epsilon Venture Partners, Tara India Fund IV and others",Private Equity,"8,000,000"
548,06-10-17,Drivezy,Consumer Internet,Self Drive car and bike rental platform,Bangalore,"Das Capital, Axan Partners, Das Capital and IT Farm",Private Equity,"10,000,000"
549,06-10-17,Slice Pay,Consumer Internet,Student Micro-financing platform,Bangalore,"Das Capital, Simile Ventures",Private Equity,"2,000,000"
551,09-10-17,MyGubbi,Ecommerce,Home Interior Designing Seller,Bangalore,"Firoze Irani, Vipul Parekh, Ananda Kallugadde, Rajesh K Murthy",Private Equity,"2,700,000"
554,09-10-17,OneStepUp,Technology,Education Technology platform,New Delhi,Orient BlackSwan,Seed Funding,"336,000"
556,10-10-17,Parallel Dots,Technology,AI-powered deep learning solutions,Gurgaon,"Multipoint Capital,",Private Equity,"1,400,000"
557,10-10-17,Easy Diner,Consumer Internet,online restaurant reservation platform,Gurgaon,Saama Capital and DSG Consumer Partners,Private Equity,"4,500,000"
558,11-10-17,Meesho,Ecommerce,Online Reseller Network,Bangalore,"SAIF Partners, YCombinator, Venture Highway",Private Equity,"3,100,000"
559,11-10-17,StanPlus,Logistics,Medical Transportation Services,Hyderabad,KStart Capital,Private Equity,"1,100,000"
560,12-10-17,UCLID,Technology,"Education Network for Institutions, teachers & Students",Hyderabad,Undisclosed investors,Seed Funding,"235,000"
561,13-10-17,Policy Bazaar,Consumer Internet,Online insurance policy aggregator,Gurgaon,"Wellington Management, DG Ventures India, True North",Private Equity,"77,000,000"
562,13-10-17,Gapoon,Consumer Internet,home maintenance services platform,Bangalore,"Vida Ventures, Snehal Mantri, Anshu Bahadur",Seed Funding,"250,000"
563,13-10-17,Chaayos,Ecommerce,Online Chai ordering platform,Gurgaon,Tiger Global Management,Private Equity,"2,000,000"
564,16-10-17,KrazyBee,Consumer Internet,Micro-lending platform,Bangalore,"Xiaomi Technologies, Shunwei Capital",Private Equity,"8,000,000"
565,16-10-17,Renew Buy,Consumer Internet,Online Insurance Aggregator,New Delhi,Amicus Capital,Private Equity,"9,200,000"
566,17-10-17,Fingerlix,Consumer Internet,Food Ordering Portal,Bangalore,"Accel Partners, Zephyr Peacock",Private Equity,"7,000,000"
567,18-10-17,Bank Bazaar,Consumer Internet,Online Financial Marketplace,Chennai,Experian,Private Equity,"7,000,000"
569,18-10-17,BlackBuck,Logistics,B2B Logistics provider,Bangalore,Innoven Capital,Private Equity,"7,700,000"
570,18-10-17,LenDen Club,Consumer Internet,Online peer-to-peer lending platform,Mumbai,Undisclosed Investor,Seed Funding,"500,000"
571,23-10-17,Toppr,Consumer Internet,Mobile based learning app,Mumbai,"SAIF Partners, Helion Ventures, FIL Capital Management",Private Equity,"7,000,000"
572,23-10-17,RAW Pressery,Food & Beverage,Cold pressed Juice maker,Mumbai,"DSG Consumer Partners, Sequoia Capital, Saama Capital",Private Equity,"6,000,000"
573,23-10-17,Cashe,Consumer Internet,app-only lending platform,Mumbai,IFMR Capital,Debt Funding,"3,100,000"
574,23-10-17,Park Easy,Consumer Internet,Machine learning based parking discovery,Kolkata,Rockstart Accelerator,Seed Funding,"118,000"
576,24-10-17,FYRE,Food & Beverage,Herbal energy shot maker,Mumbai,Venture Catalysts,Seed Funding,"500,000"
577,24-10-17,ZipLoan,Consumer Internet,SME lending platform,New Delhi,"Matrix Partners India, WaterBridge Ventures, Whiteboard Capital, Sarbvir Singh",Private Equity,"3,000,000"
578,24-10-17,Skillenza,Consumer Internet,Online Learning Platform,Bangalore,"Blume Ventures, Indian Angel Network",Seed Funding,"722,000"
581,25-10-17,SpotDraft,Consumer Internet,Contract Automation,Gurgaon,"Hunch Ventures, Spiral Ventures, 500 Startups, Singapore Angel Network, Citrus Payments",Seed Funding,"550,000"
582,26-10-17,Big Basket,Ecommerce,Online Grocery portal,Bangalore,Helion Ventures Partners,Private Equity,"5,000,000"
583,27-10-17,OfBusiness,Technology,B2B Finance & Fulfilment Network,Gurgaon,Kotak Mahindra Bank,Debt Funding,"3,800,000"
585,28-10-17,CashFree,Technology,Payments Platform for Marketplaces and Fintechs,New Delhi,Y Combinator,Seed Funding,"120,000"
586,28-10-17,Ola Cabs,Consumer Internet,App based cab hailing services,Bangalore,ANI Technologies Pvt. Ltd,Private Equity,"7,700,000"
587,30-10-17,GoldFarm,Food & Beverage,Agriculture Technology,Coimbatore,Mahindra & Mahindra and Infuse Ventures,Private Equity,"2,000,000"
588,31-10-17,NetMeds,Ecommerce,Online Pharmacy,Chennai,TannCam Investment & Sistema Asia Fund,Private Equity,"14,000,000"
589,02-11-17,Prest Loans,Finance,Business & SME Loans provider,New Delhi,"Manish Poddar, Arun Garg, Parmeshwar Sharma",Seed Funding,"570,000"
592,03-11-17,Vagupu,Technology,Online Tutorial Marketplace,Bangalore,Undisclosed Investors,Seed Funding,"1,000,000"
594,03-11-17,Kalpnik Technologies,Technology,VR based Spiritual platform,Bangalore,Venture Catalysts,Seed Funding,"500,000"
595,04-11-17,Hevo Data,Technology,Real time data analytics & reporting,Bangalore,IDG Ventures India,Private Equity,"1,000,000"
599,07-11-17,DocTalk,Technology,Doctor Patient Communication platform,Mumbai,"Matrix Partners India, Khosla Ventures",Private Equity,"5,000,000"
600,07-11-17,CoveIoT,Technology,Wearable tech and Internet of Things platform,Bangalore,"Titan Co Ltd, Tata Group’s watch and jewellery retailing firm",Private Equity,"5,000,000"
601,08-11-17,TalentEdge,Technology,Distance Education Learning Platform,Bangalore,Lumis Partners,Private Equity,"7,600,000"
602,08-11-17,Fisdom,Finance,Mutual Fund Investment App,Bangalore,Quona Capital Management,Private Equity,"3,000,000"
603,08-11-17,FarmLink,Ecommerce,Online platform for Agricultural products,Mumbai,"Pioneering Ventures, Syngenta AG",Private Equity,"3,000,000"
604,08-11-17,OpenApp,Technology,IoT based Tech Startup,Bangalore,"Axilor Ventures, Kumar Vembu",Private Equity,"3,600,000"
605,09-11-17,NoPaperForms,Technology,Enrolment Management Platform,Delhi,Info Edge,Seed Funding,"872,000"
608,10-11-17,Qubole,Technology,Big Data based analytics platform,Bangalore,"Singtel, Innov8, Harmony Partners",Private Equity,"25,000,000"
610,13-11-17,Universal Sportsbiz Pvt. Ltd,Ecommerce,Celebrity fashion accessories and merchandise,Mumbai,Accel Partners,PrivateEquity,"15,000,000"
612,14-11-17,Active AI,Technology,AI based FinTech platform,Bangalore,Vertex Ventures,Private Equity,"8,250,000"
613,15-11-17,Sumeru,Technology,Banking Software License Platform,Bangalore,Undisclosed Investors,Seed Funding,"900,000"
615,15-11-17,Omnia Information,Technology,WiFi Analytics Platform,Delhi,Omidyar Network,Private Equity,"3,000,000"
618,17-11-17,Kanhaiya,Inspiration,Storytelling platform,Hyderabad,Undisclosed Investors,Seed/Angel Funding,"200,000"
620,20-11-17,ONN Bikes,Technology,Self riding bike rental program,Mumbai,Z Nation Lab,Seed/Angel Funding,"692,000"
621,21-11-17,Rapido,Technology,Bike and Taxi pooling online platform,Hyderabad,"Skycatcher Fund, Aravind Sanka",Seed/Angel Funding,"329,230"
622,21-11-17,Heckyl,Technology,Big Data Analytics Platform,Mumbai,"Notion Capital, IDG Ventures",Private Equity,"2,700,000"
623,21-11-17,Nuvepro,Technology,Managed Cloud Environment Solutions,Mumbai,1Crowd,Seed/Angel Funding,"400,000"
624,21-11-17,RedBook,Technology,AI based pharmacy drugs insights platform,Mumbai,"Vida Ventures, Dr. Aniruddha Malpani",Seed/Angel Funding,"250,000"
625,21-11-17,Portea,Healthcare,Healthcare facilities at doorstep,Bangalore,"Sabre Partners, MEMG CDC",Private Equity,"26,000,000"
627,21-11-17,Epiq Capital,Finance,Tech based investor firm,Mumbai,Global Institutional Investors,Private Equity,"200,000,000"
630,24-11-17,IDG Ventures,Finance,Venture Capitalist,Bangalore,Uniliver Ventures,Private Equity,"10,000,000"
631,24-11-17,TempGo,Technology,IoT and SaaS based transportation platform,Goa,Javelin StartupO Victory Fund,Seed/Angel Funding,"250,000"
632,27-11-17,Edelweiss,Finance,Diversified Financial,Mumbai,Undisclosed investors,Private Equity,"270,000,000"
633,27-11-17,ERA,Technology,Identity management platform,Mumbai,Amit Patni,Seed/Angel Funding,"39,000"
634,27-11-17,Smaaash,Technology,Virtual Reality based gaming platform,Mumbai,Sixth Sense Ventures,Private Equity,"3,800,000"
635,28-11-17,Chumbak,Lifestyle,Designer-led consumer products,Bangalore,Gaja Capital,Private Equity,"13,000,000"
636,28-11-17,FR8,Technology,Online Truck aggregator platform,Chennai,IFMR Capital,Debt Funding,"1,500,000"
637,28-11-17,MobieFit,Healthcare,Health and fitness based mobile App,Goa,"NB Ventures, MediAssist",Seed/Angel Funding,"1,350,000"
639,05-12-17,Dunzo,Technology,Daily Task Management Mobile App,Bangalore,Google,Private Equity,"12,300,000"
640,05-12-17,Tata Housing,Real Estate,Residential Project ,Mumbai,Hines,Private Equity,"23,000,000"
641,05-12-17,HandyTrain,Technology,Mobile Learning Management Platform,Goa,NB Ventures,Private Equity,"1,000,000"
642,05-12-17,Mobycy,Technology,Bicycle sharing Platform,Gurgaon,Undisclosed Investors,Seed/Angel Funding,"500,000"
643,06-12-17,Greenlight Planet,Technology,Off-grid solar products platform,Mumbai,"Apis Partner, Eight Roads Ventures, Bamboo Capital Partners",Private Equity,"60,000,000"
644,06-12-17,Fintobox,Technology,Child Learning & Development Platform,Chennai,Lightbox,Private Equity,"7,000,000"
645,07-12-17,Mswipe,Technology,Mobile point of sale services provider,Mumbai,Eduardo Saverin,Private Equity,"10,000,000"
646,07-12-17,The Label Life,Ecommerce,Home Decor and Online Fashion Portal,Mumbai,Kalpvriksh,Private Equity,"3,100,000"
647,07-12-17,Cygnus Hospitals,Healthcare,Super speciality Hospitals,Gurgaon,Somerset Indus Capital Ventures,Seed/Angel Funding,"750,000"
648,07-12-17,eShakti,Ecommerce,Women's Fashion Clothing Online Platform,Chennai,IDG Ventures,Debt Funding,"2,300,000"
649,08-12-17,Inshorts,Technology,Mobile News Curation App,Noida,Tiger Global,Private Equity,"5,000,000"
650,11-12-17,Vahdam Tea,Ecommerce,Online Platform Selling Indian Tea Globally,Delhi,"Singapore Angel Network, Mumbai Angel",Private Equity,"1,500,000"
651,11-12-17,Logic Roots,Technology,Educational Platform to Learn Mathematics,Mumbai,Village Capital,Seed/Angel Funding,"50,000"
652,11-12-17,Project Mudra,Technology,Assisting Visually Impaired to learn through Braille,Bengaluru,Village Capital,Seed/Angel Funding,"50,000"
653,11-12-17,Furlenco,Technology,Furniture Rental Platform,Bengaluru,Aamir Khan,Debt Funding,"1,200,000"
654,12-12-17,I Can Stay,Technology,Hotel Aggregator Platform,Delhi,HT Media,Private Equity,"1,800,000"
656,12-12-17,Simility,Technology,Adaptive Fraud Intelligence Platform,Hyderabad,Accel Partners,Private Equity,"17,500,000"
657,12-12-17,Shopholix,Ecommerce,Fashion and Lifestyle Coupon Platform,Gurgaon,Munesh Khanna,Seed/Angel Funding,"233,000"
658,13-12-17,MindTickle,Technology,Gamification Platform to train Sales People,Pune,Canaan Partners,Private Equity,"27,000,000"
659,13-12-17,Nazara Technologies,Technology,Mobile Games Development Firm,Mumbai,Rakesh Jhunjhunwala,Private Equity,"27,000,000"
660,13-12-17,DocsApp,Technology,Mobile Application for Doctor Consultation,Bengaluru,Bessemer Venture Partners,Private Equity,"7,200,000"
662,14-12-17,Tea Box,Ecommerce,Fresh Indian Tea Selling Platform across 112 countries,Bengaluru,RB Investments,Private Equity,"7,000,000"
663,14-12-17,Transversal Technologies,Technology,Hyperlocal Video Information Sharing Platform,Bengaluru,Matrix Partners,Private Equity,"6,000,000"
664,14-12-17,Curofy,Technology,Mobile App for Network of Doctors,Gurgaon,RoundGlass Partners LLC,Seed/Angel Funding,"250,000"
665,14-12-17,HomeLane,Ecommerce,Online Furniture Marketplace,Bengaluru,"Accel Partners, Sequoia Capital, RB Investments",Private Equity,"10,000,000"
667,15-12-17,Purplle,Ecommerce,Beauty Products Online Marketplace,Mumbai,"Mountain Pain Capital, Suncoast Investments",Seed/Angel Funding,"537,000"
670,19-12-17,Springboard,Technology,Online Courses and Mentoring from Experts,Bengaluru,"Costanoa, Learn Capital, Jyoti Bansal",Private Equity,"9,500,000"
672,19-12-17,9Stacks,Technology,Online Poker Platform,Delhi,"Swati Gupta, Purnima Khandelwal, Maheshwar Peri, Sanjay Singh",Private Equity,"1,500,000"
673,20-12-17,Your Quote,Technology,Vernacular and Video Content Platform,Bengaluru,"Axilor Ventures, E-City VEntures Atul Goel",Private Equity,"1,000,000"
674,20-12-17,Spandana Sphoorty,Finance,Micro finance institution providing small ticket unsecured loans to women,Hyderabad,"Kedaraa Capital, Ontario Teachers'",Private Equity,"19,500,000"
675,21-12-17,Indus OS,Technology,Regional Operating System for Smartphones,Mumbai,Omidyar Network,Private Equity,"4,000,000"
676,21-12-17,EasyEcom,Ecommerce,Ecommerce enabler platform,Bengaluru,"Ambarish Gupta, Aneesh Reddy, Bold Ventures, Vona Investments",Seed/Angel Funding,"150,000"
678,26-12-17,Specsmakers,Ecommerce,Online Spects Platform for Men and Women,Chennai,Eight Roads Ventures India,Private Equity,"10,000,000"
